Many Rivers, Too Many Dams;10
No One Is Stopping the Child Sex Abusers;10
Can Our Culture Survive Climate Change?;10
It’s Not Just the West. These Places Are Also on Fire.;9
Protecting Brazil’s Uncontacted Tribes for 30 Years, Then Killed by an Arrow;9
Brazil Fires Burn World’s Largest Tropical Wetlands at ‘Unprecedented’ Scale;9
‘A Hail Mary’: Psychedelic Therapy Draws Veterans to Jungle Retreats;8
Aritana Yawalapiti, Revered Indigenous Leader in Brazil, Dies at 71;8
The Coronavirus Unleashed Along the Amazon River;7
Under Pressure, Brazil’s Bolsonaro Forced to Fight Deforestation;8
Amazon Deforestation Soars as Pandemic Hobbles Enforcement;6
The Amazon Will Soon Burn Again;5
Amazon Is Jeff Bezos;7
Amazon’s Biggest Leap Was Boring;9
Amazon’s Big Breakdown;5
Why Bernie Sanders Praised Amazon;2
Can Shopify Compete With Amazon Without Becoming Amazon?;11
Three Poets on the Amazon;10
Life Without Amazon (Well, Almost);12
As Amazon Rises, So Does the Opposition;4
When Even Amazon Is Sold Out of Exploding Kittens;4
Amazon Makes No Promises on Bezos Testimony;5
Can Amazon Conquer the World?;9
The Ghost Dogs of the Amazon Get a Bit Less Mysterious;5
Amazon Powers Ahead With Robust Profit;1
The Amazon Was Sick. Now It’s Sicker.;10
Reliable Amazon Isn’t Anymore;4
Google Takes Aim at Amazon. Again.;7
Amazon Misses a Shopping Opportunity;5
It’s Now Amazon’s Turn in the Spotlight;4
Amazon Wins Without Even Trying;7
Amazon Set to Face Antitrust Charges in European Union;6
Judge Halts Work on Microsoft’s JEDI Contract, a Victory for Amazon;2
In Amazon’s Bookstore, No Second Chances for the Third Reich;2
One of Amazon’s Most Powerful Critics Lives in Its Backyard;5
‘Way Too Late’: Inside Amazon’s Biggest Outbreak;5
Unions Push F.T.C. to Study if Amazon Warps the Economy;2
Amazon Sticks With Office Expansion Plans in New York and Elsewhere;8
‘We Didn’t Sign Up for This’: Amazon Workers on the Front Lines;4
Amazon Reaches Deal With French Unions in Coronavirus Safety Dispute;5
Amazon Looks to Question Trump in Pentagon Contracting Case;2
When Amazon Flexes Its Power;6
Amazon, Pushing Fashion, Opened Photo Studio as a ‘Warehouse’ Exemption;6
Amazon Is So Much Bricks and Mortar;8
Amazon Shopping Needs a Prime Army;11
The Amazon Has Seen Our Future;10
Amazon Angles to Grab Back Customers;5
Amazon Bans, Then Reinstates, Hitler’s ‘Mein Kampf’;3
How Amazon Keeps Defying Gravity;1
The Week in Business: Amazon Is Coming for Trump;2
Walmart Announces Membership Service in Attempt to Compete With Amazon;9
To Focus on Necessities, Amazon Stops Accepting Some Items in Warehouses;3
Amazon Workers Urge Bezos to Match His Words on Race With Actions;6
Amazon Says Jeff Bezos Is Willing to Testify Before Congress;6
Senators Want to Know if Amazon Retaliated Against Whistle-Blowers;5
Amazon to Suspend Operations in France Over Coronavirus Dispute;4
Amazon Sells More, but Warns of Much Higher Costs Ahead;4
Amazon Workers Near Vote on Joining Union at Alabama Warehouse;12
Bezos Grilled About Amazon’s ‘Predatory Practices’;7
Pushed by Pandemic, Amazon Goes on a Hiring Spree Without Equal;11
Amazon workers call for a day off to vote.;10
Pentagon Asks to Reconsider Awarding Huge Cloud Contract to Amazon;3
Amazon Loses Appeal of French Order to Stop Selling Nonessential Items;4
Don’t Let Amazon Get Any Bigger;10
Amazon Charged With Antitrust Violations by European Regulators;11
The Amazon Prime Day Deals Worth Buying;10
We Need Amazon During the Coronavirus. That’s a Problem.;3
Amazon Wants to Get Even Closer. Skintight.;11
Amazon’s Showdown in France Tests Its Ability to Sidestep Labor;5
Are Amazon Jobs Worth 1,400 Loads of Traffic? French Region Is Split;10
What Does Amazon Know About Your Thanksgiving Groceries?;11
Amazon Bans Sale of Foreign Seeds in the U.S.;9
How Fake Reviews Hurt Us and Amazon;11
My Mom, My Dad and Amazon’s Alexa;2
The Amazon Critic Who Saw Its Power From the Inside;7
Clicking Buy on Amazon? It’s Trying to Prevent a Coronavirus Caveat;2
Gaps in Amazon’s Response as Virus Spreads to More Than 50 Warehouses;4
Amazon and Apple Are Powering a Shift Away From Intel’s Chips;12
Drone Delivery? Amazon Moves Closer With F.A.A. Approval;8
Amazon Pushes Into Making Video Games, Not Just Streaming Their Play;4
Pasta, Wine and Inflatable Pools: How Amazon Conquered Italy in the Pandemic;9
Amazon Pauses Police Use of Its Facial Recognition Software;6
Jeff Bezos Doubles Down on Amazon’s Pandemic Response;5
Introducing ‘Time,’ a Film From The Times and Amazon Studios;10
Amazon Unveils Drone That Films Inside Your Home. What Could Go Wrong?;9
After a Flop, Amazon Makes Another Foray Into Video Games;8
New York Attorney General Scrutinizes Amazon for Firing Warehouse Worker;4
Quotation of the Day: Airing Worries for Amazon’s Workers;5
Amazon Said to Be Under Scrutiny in 2 States for Abuse of Power;6
An Amazon Vice President Quit Over Firings of Employees Who Protested;5
Amazon Confronts Criticism Over ‘Hunters’ and Sale of Nazi Propaganda;2
Amazon to Buy Zoox, in a Move Toward Self-Driving Cars;6
How French Workers Took on Amazon in the Middle of a Pandemic and Won;4
Coronavirus, U.S. Jobless Claims, Amazon: Your Friday Briefing;5
A Short Recommendation: Watch the Stage Version of ‘Fleabag’ on Amazon Video;4
My Partner Works in an Amazon Warehouse. I’m Worried — and Proud.;4
The Best Movies on Amazon Prime Video Right Now;9
Bezos Takes Back the Wheel at Amazon;4
12 Accusations in the Damning House Report on Amazon, Apple, Facebook and Google;10
The Trouble With Breaking Up Amazon? Its Online Store Is So Good;2
Jeff Wilke, Amazon’s Chief of Consumer Business, Will Retire Next Year;8
We Work in an Amazon Warehouse. We Didn’t Sign Up to Be Heroes.;5
We Work in an Amazon Warehouse. We Didn’t Sign Up to Be Heroes.;5
The Best Movies and TV Shows Coming to Netflix, Amazon and More in February;2
Amazon halts sales of shirts that used a derogatory term to refer to Kamala Harris.;8
The Best Movies and TV Shows Coming to Netflix, Amazon and More in March;3
The Best Movies and TV Shows Coming to Hulu, Amazon and More in October;9
The Best Movies and TV Shows Coming to Netflix, Amazon and More in April;4
The Best Movies and TV Shows Coming to Netflix, Amazon and More in August;7
Messias Kokama, Indigenous Leader in the Amazon, Dies at 53;6
The Best Movies and TV Shows New to Netflix, Amazon and Stan in Australia in April;4
The Best Movies and TV Shows New to Netflix, Amazon and Stan in Australia in March;3
The Best Movies and TV Shows New to Netflix, Amazon and Stan in Australia in December;12
The Best Movies and TV Shows New to Netflix, Amazon and Stan in Australia in July;7
The Best Movies and TV Shows New to Netflix, Amazon and Stan in Australia in May;4
The Best Movies and TV Shows New to Netflix, Amazon and Stan in Australia in November;11
The Best Movies and TV Shows New to Netflix, Amazon and Stan in Australia in October;9
We Have a Question for Jeff Bezos and Other Billionaires;7
Lesson of the Day: ‘Gaps in Amazon’s Response as Virus Spreads to More Than 50 Warehouses’;5
The Best Movies and TV Shows New to Netflix, Amazon and Stan in Australia in September;9
Jeff Bezos’ Company Is Carrying Scientific Cargo to Space. It’s Not Amazon.;10
Amazon to the Rescue of the Fashion World!;5
The Best Movies and TV Shows New to Netflix, Amazon and Stan in Australia in June;6
The Best Movies and TV Shows New to Netflix, Amazon and Stan in Australia in February;2
The Best Movies and TV Shows New to Netflix, Amazon and Stan in Australia in August;8
How Amazon, Geico and Walmart Fund Propaganda;1
The Best Movies and TV Shows Coming to Amazon, HBO Max, Hulu and More in January;12
To keep up with pandemic boom in online shopping, Amazon hired 427,300 employees in 10 months.;11
The Best Movies and TV Shows Coming to Amazon, HBO Max, Hulu and More in December;12
The Best Movies and TV Shows Coming to Amazon, HBO Max, Hulu and More in November;11
Amazon workers threaten to shut down warehouses if employees don’t get a day off to vote.;10
Help Wanted: Grocery Stores, Pizza Chains and Amazon Are Hiring;3
Amazon Satellites Add to Astronomers’ Worries About the Night Sky;8
Amazon and Google’s True Advantage;10
Strikes at Instacart and Amazon Over Coronavirus Health Concerns;3
India Targets Jeff Bezos Over Amazon and Washington Post;1
As Bolsonaro Keeps Amazon Vows, Brazil’s Indigenous Fear ‘Ethnocide’;4
Review: Al Pacino and Nazis, in Amazon’s ‘Hunters’;2
In South India, Amazon Builds Its Largest Office Yet;8
Congress Calls on Jeff Bezos of Amazon to Testify;5
What It Looks Like Inside an Amazon Warehouse Now;6
Amazon Buys Wondery as Podcasting Race Continues;12
FreshDirect, After Broken Eggs and Angry Customers, Stages a Comeback;2
Amazon Backtracks From Demand That Employees Delete TikTok;7
The Best Movies and TV Shows Coming to Netflix, Amazon and More in July;7
The Best Movies and TV Shows Coming to Netflix, Amazon and More in May;5
The Best Movies and TV Shows Coming to Netflix, Amazon and More in June;6
Amazon Halo Review: The Fitness Gadget We Don’t Deserve or Need;12
Paulinho Paiakan, Indigenous Defender of Rainforest, Dies at 67;6
Amazon, Apple, Facebook and Google Prepare for Their ‘Big Tobacco Moment’;7
Jeff Bezos Cast in a Role He Never Wanted: Amazon’s D.C. Defender;7
Progressives Killed Amazon’s Deal in New York. Is Industry City Next?;8
‘Going in the Wrong Direction’: More Tropical Forest Loss in 2019;6
Brazil’s First Indigenous Curator: ‘We’re Not Afraid Anymore’;5
Amazon Power Plant: A Company Responds;10
Animal Viruses Are Jumping to Humans. Forest Loss Makes It Easier.;4
Welcome to India, Mr. Bezos. Here’s an Antitrust Complaint.;1
All Your Favorite Brands, From BSTOEM to ZGGCD;2
Pentagon Sticks With Microsoft for Cloud Computing Contract;9
The Epic Battle Between Trump and Bezos Is On;2
Jeff Bezos Commits $10 Billion to Address Climate Change;2
Sonos, Squeezed by the Tech Giants, Sues Google;1
Apple Unveils a Smaller HomePod;10
100 Notable Books of 2020;11
Who Postpones Black Friday? This Year, the French;11
He Has 17,700 Bottles of Hand Sanitizer and Nowhere to Sell Them;3
Four Top Tech C.E.O.s Will Testify in Antitrust Inquiry, Panel Says;7
Four of the World’s Wealthiest Men Are Preparing for Battle;7
What to Do When Your Uncle Believes Coronavirus Conspiracies;4
Can Facebook Ever Stop the Drama?;7
