Goliath vs. Goliath;12
Big Tech Should Try Radical Candor;12
Mariah! Dolly! Carrie! 2020 Can’t Quarantine This Cheer;12
Google’s Legal Peril Grows in Face of Third Antitrust Suit;12
Big Tech’s Circular Firing Squad;12
5 Things to Do This Weekend;12
Your Thursday Briefing;12
Big Fines and Strict Rules Unveiled Against ‘Big Tech’ in Europe;12
Your Tuesday Briefing;12
Big Tech Turns Its Lobbyists Loose on Europe, Alarming Regulators;12
Give Virus Alert Apps a Shot;12
Our Delivery System Is Breaking;12
The Best Albums of 2020? Let’s Discuss;12
Amazon Halo Review: The Fitness Gadget We Don’t Deserve or Need;12
Coronavirus Apps Show Promise but Prove a Tough Sell;12
Jimmy Lai, Hong Kong Media Tycoon, Is Denied Bail on Fraud Charge;12
Best Albums of 2020;12
Apple, After Outcry, Makes ‘Peanuts’ Holiday Specials Available on PBS;11
The Best Movies and TV Shows Coming to Amazon, HBO Max, Hulu and More in December;12
Bring the Apple Cider Doughnuts to You;11
Apple Halves Its App Store Fee for the Smaller Companies;11
Nike and Coca-Cola Lobby Against Xinjiang Forced Labor Bill;11
When Music Is on Your Holiday List;11
Imagine a World Without Apps;11
Grammys Snubs and Surprises: The Weeknd, Luke Combs and BTS;11
Beyoncé, Taylor Swift and Dua Lipa Dominate 2021 Grammy Nominations;11
Apple Introduces New Macs With the First Apple Chips;11
Cook an Indigenous Meal or Dance with Dua Lipa;11
How Fake Reviews Hurt Us and Amazon;11
Apple Puts Key Contractor on Probation Over Labor Abuses in China;11
The Right Apple Pie for a Pandemic Thanksgiving;11
Biden Is Expected to Keep Scrutiny of Tech Front and Center;11
Jon Stewart Returns to Spotlight With a Series for Apple TV+;10
Apple, Google and a Deal That Controls the Internet;10
The Best Movies and TV Shows Coming to Amazon, HBO Max, Hulu and More in November;11
Amazon and Google’s True Advantage;10
Big Tech Continues Its Surge Ahead of the Rest of the Economy;10
She’s Bursting Big Tech’s Bubble;10
Apple iPhone 12 Review: Superfast Speed, if You Can Find It;10
Fix, or Toss? The ‘Right to Repair’ Movement Gains Ground;10
Forget Antitrust Laws. To Limit Tech, Some Say a New Regulator Is Needed.;10
Google Has Edge in Antitrust Fight;10
Police Can Open Your Phone. It’s OK;10
Big Tech’s Professional Opponents Strike at Google;10
Apple Does Not Need to Return Fortnite to App Store, Judge Rules;10
12 Accusations in the Damning House Report on Amazon, Apple, Facebook and Google;10
Manhattan Emptied Out During the Pandemic. But Big Tech Is Moving In.;10
So, Should You Buy a New Phone or Not?;10
When to Buy a New Phone. Or Not.;10
The Wristwatch at 100;10
You Can’t Escape Uber’s Lobbying;10
Will Luxury Smartwatches Succeed?;10
‘Tehran’ Is the Latest Israeli Thriller, Emphasis on Thrills;10
7 Things to Do This Weekend;10
Microsoft Says App Stores Should Be More Competitive;10
Congress Agrees: Big Tech Is Broken.;10
Apple and Epic Games Spar Over Returning Fortnite to the App Store;9
The House Antitrust Report on Big Tech;10
House Lawmakers Condemn Big Tech’s ‘Monopoly Power’ and Urge Their Breakups;10
Pumpkin Picking Is a Popular Pandemic Pick-Me-Up;10
Big Tech Was Their Enemy, Until Partisanship Fractured the Battle Plans;10
Warm Up With Cider Cocktails;10
To Fight Apple and Google, Smaller App Rivals Organize a Coalition;9
What Apple’s Fortnite Fee Battle Is Really About;9
The Best Movies and TV Shows Coming to Hulu, Amazon and More in October;9
Google Demands 30% Cut From App Developers in Its Play Store;9
Fall’s Here. Can We Still Go Apple Picking?;9
A Governor Bestowed Apples on Wildfire Victims. The Maggots Were Unintended.;9
Apple Watch Is a Private Road;9
What’s the Deal With Google Now?;9
The New Apple Watch Measures Your Blood Oxygen. Now What?;9
America’s Tech Billionaires Could Help Protect the Election. If They Wanted To.;9
Simeon Coxe, Whose Silver Apples Presaged Synth-Pop, Dies at 82;9
‘Good Enough’ Rules the World;9
This Isn’t Just JPMorgan’s Problem;9
Europe Feels Squeeze as Tech Competition Heats Up Between U.S. and China;9
Apple’s App War Needs Peace;8
7 Things to Do This Weekend;9
Too Pop? Too Weird? A.G. Cook of PC Music Is Stepping Out on His Own;9
No, Facebook Does Not Reflect Reality;9
Apple and Google to Make It Easier to Opt In to Virus Tracing;9
Stocks Slide Again as a Promising Week Turns South;9
Wall Street Has Its Worst Day in Months;9
Apple’s Trillions;8
Jimmy Lai vs. China;9
To Fight Apple and Google’s Grip, Fortnite Creator Mounts a Crusade;8
Yes to Tech Optimism. And Pessimism.;9
Apple Reaches $2 Trillion, Punctuating Big Tech’s Grip;8
How Apple’s 30% App Store Cut Became a Boon and a Headache;8
The Lesson We’re Learning From TikTok? It’s All About Our Data;8
Fortnite Creator Sues Apple and Google After Ban From App Stores;8
Can This Relationship Be Saved? Big Tech and Big Advertisers Talk It Over.;8
Apple Replaces Phil Schiller as Its Top Marketing Executive;8
Big Tech’s Domination of Business Reaches New Heights;8
‘This Market Is Nuts’: S&P 500 Hits Record, Defying Economic Devastation;8
TikTok, Huawei and the ‘Splinternet’;8
Facebook Gaming Finally Clears Apple Hurdle, Arriving in App Store;8
A Steal Might Actually Be a Raw Deal;8
‘Ted Lasso’ Review: Jason Sudeikis as America’s Nicest Export;8
An Epic Battle;8
Their Businesses Went Virtual. Then Apple Wanted a Cut.;7
What Phil Collins and the YouTube Twins Tell Us About Music;8
‘We Will Persevere’: A Newspaper Faces the Weight of Hong Kong’s Crackdown;8
Joshua Wong: Hong Kong Still Has Many Ways to Resist;8
Jimmy Lai Is Arrested in Hong Kong. Freedom Loses Again.;8
Big Tech Makes Inroads With the Biden Campaign;8
Profits Rebound at Warren Buffett’s Berkshire Hathaway;8
Amazon, Apple, Facebook and Google Prepare for Their ‘Big Tobacco Moment’;7
Apple Scores Legal Victory Against $14.9 Billion E.U. Tax Demand;7
I Tried to Live Without the Tech Giants. It Was Impossible.;7
The Best Movies and TV Shows Coming to Netflix, Amazon and More in August;7
They Made How Much?;7
The Economy Is in Record Decline, but Not for the Tech Giants;7
The Last Days of the Tech Emperors?;7
Big Tech’s Backlash Is Just Starting;7
Grilled by Lawmakers, Big Tech Turns Up the Gaslight;7
The Big Tech Hearing;7
‘This Is a New Phase’: Europe Shifts Tactics to Limit Tech’s Power;7
Congress Versus the ‘Emperors’;7
Lawmakers, United in Their Ire, Lash Out at Big Tech’s Leaders;7
Watch Live: Tech C.E.O.s Testify Before Congress;7
Titans of Tech Testify in Their Trust-Me Suits;7
Congress Doesn’t Get Big Tech. By Design.;7
How to Fight Against Big Tech’s Power;7
A Handbook to Today’s Tech Hearing;7
We Have Questions;7
Four of the World’s Wealthiest Men Are Preparing for Battle;7
Netflix Breaks HBO’s Record for the Most Emmy Nominations Ever;7
Tech’s ‘Big Tobacco’ Moment;7
The New York Times Pulls Out of Apple News;6
Your Trusty Maps App Can Help You Navigate the Pandemic;7
After 15 Years, Apple Prepares to Break Up With Intel;6
5 on the Apple Watch at 5;6
Banned Chinese Companies Deny Allegations They Abused Uighurs;7
Big Tech Has a Big Climate Problem. Now, It’s Being Forced to Clean Up.;7
Apple Rejects Facebook’s Gaming App, for at Least the Fifth Time;6
Apple to Ditch Intel Chips in Macs as It Consolidates Its Power;6
U.S. Imposes Sanctions on 11 Chinese Companies Over Human Rights;7
Google Promises Privacy With Virus App but Can Still Collect Location Data;7
Is It Finally Hammer Time for Apple and Its App Store?;6
Apple Announces New Privacy Features;6
Apple’s App Store Draws Antitrust Scrutiny in European Union;6
Barr Urges U.S. Companies to Resist Serving as ‘Pawns’ for China;7
To Compare an Apple to a Submarine;5
The ‘Moment of Truth’;7
Apple Cobbler;10
Business Leaders Urge Trump to Leave DACA Alone After Court Ruling;7
French as Apple Pie;3
Fiona Apple Is Back and Unbound: Let’s Discuss;4
Apple Pie Filling;10
Fried Apple Pies;10
Mixed Apples Pie;11
Fiona Apple’s Essential Songs;4
Cousin of an Apple Cobbler;8
The Apple Family’s Checking In on Zoom. You’re Invited, Too.;4
Review: ‘Little Voice’ Is a Twee Musical Fairy Tale;7
‘Hamilton,’ ‘The Simpsons’ and the Problem With Colorblind Casting;7
Apple Cider-Caramel Dumplings;11
Cinnamon Apple Sheet Cake;10
Apple Pie, Circus-Style;3
Apple Pie, Circus-Style;3
People Are Loving This Apple Pie;3
Baked Apple Cider Doughnuts;11
Apples With Honey and Crushed Walnuts;4
‘Greyhound’ Review: At Sea in World War II, With Tom Hanks in Command;7
Apple Signals Coronavirus’s Threat to Global Businesses;2
Does the F.B.I. Need Apple to Hack Into iPhones?;1
The Week in Tech: Coronavirus Hits Apple’s Financial Forecast;2
Apple’s First-Quarter Sales Are Up Despite Coronavirus Slowdown;4
France Fines Apple $1.2 Billion for Antitrust Issues;3
Warm Sweet Potato-Apple Pone;10
Lentil Soup With Smoked Sausage and Apples;11
News Quiz: Vaccine Trials, BTS, Apple;10
The Triumphant Return of Fiona Apple, Pop Music Renegade;4
Why Apple’s New Phone Doesn’t Matter;4
F.B.I. Asks Apple to Help Unlock Two iPhones;1
Apple Agrees to Pay Some iPhone Owners $25 Each;3
New iPhones Fuel Strong Profit for Apple;1
Apple Deal Returns Former HBO Boss Richard Plepler to Spotlight;1
Trump Administration Gives Apple More Tariff Relief;3
Sheet-Pan Sausages With Caramelized Shallots and Apples;12
Slow Cooker Lentil Soup With Sausage and Apples;11
Their businesses went virtual. Then Apple wanted a cut.;7
Brown Sugar Roulade With Burnt Honey Apples;12
Caramelized Onion, Apple and Goat Cheese Melts;12
How the Coronavirus Could Hurt Apple and Starbucks;1
Delayed by Abuse Claim, Apple’s ‘The Banker’ Gets New Release Date;1
Apple Closes Most of Its Stores for 2 Weeks;3
Apple Takes a (Cautious) Stand Against Opening a Killer’s iPhones;1
Apple and Google are making it easier to opt in to virus tracing.;9
Trump Cites ‘Bad Apples’ but Defends Nation’s Police;6
Stocks Fall as Apple Says It Will Close Stores Again;6
Apple Fire Leads to Evacuation Order for 7,000 in California;8
Four Top Tech C.E.O.s Will Testify in Antitrust Inquiry, Panel Says;7
Hubei Officials, Apple, Kiribati: Your Thursday Briefing;8
Democratic Debate, Apple, L.S.U.: Your Tuesday Briefing;1
Here Come the 4 Horsemen of the Techopolypse;7
Richard Plepler and Josh Tyrangiel May Revive Their HBO Act for Apple;1
Why Apple’s iPad Is the Gadget of the Pandemic;4
Coronavirus, Testing, Fiona Apple: Your Weekend Briefing;4
