Federal Labor Agency Says Google Wrongly Fired 2 Employees;12
Running Blind, and Running Free;12
The Antitrust Case Against Big Tech, Shaped by Tech Industry Exiles;12
Big Tech Should Try Radical Candor;12
Big Tech’s Circular Firing Squad;12
Your Thursday Briefing;12
Big Fines and Strict Rules Unveiled Against ‘Big Tech’ in Europe;12
Tech Companies Shift Their Posture on a Legal Shield, Wary of Being Left Behind;12
Big Tech Turns Its Lobbyists Loose on Europe, Alarming Regulators;12
Give Virus Alert Apps a Shot;12
YouTube is forbidding videos claiming widespread election fraud.;12
Coronavirus Apps Show Promise but Prove a Tough Sell;12
Why ‘Wonder Woman’ at Home Matters;12
E.U. Privacy Rule Would Rein In the Hunt for Online Child Sexual Abuse;12
London A.I. Lab Claims Breakthrough That Could Accelerate Drug Discovery;11
Imagine a World Without Apps;11
Watch Full Video: Tech C.E.O.’s Testify Before the Senate;11
2020’s Hot Gadget Is the Computer;11
False claims that Biden ‘lost’ Pennsylvania surge, and tech companies struggle to keep up.;11
Biden Is Expected to Keep Scrutiny of Tech Front and Center;11
Amazon and Google’s True Advantage;10
Facebook, Google and Twitter C.E.O.s Testify at Senate Hearing;10
How 2020 Changed the Internet;11
Why the Social Media Rage Machine Won’t Stop;11
Apple, Google and a Deal That Controls the Internet;10
YouTube Cut Down Misinformation. Then It Boosted Fox News.;11
The Case Against Google;10
Google Has Edge in Antitrust Fight;10
Top Investigator in Google Case Says There ‘Was Not a Rush’ to Sue;10
What Did Google Do?;10
The Justice Dept. vs. Google;10
How to Take On the Tech Barons;10
Why the Government Is Suing Google;10
Google Antitrust Fight Thrusts Low-Key C.E.O. Into the Line of Fire;10
What Is Happening With the Antitrust Suit Against Google?;10
Big Tech Continues Its Surge Ahead of the Rest of the Economy;10
It’s Google’s World. We Just Live in It.;10
Read the Antitrust Lawsuit Against Google;10
U.S. Accuses Google of Illegally Protecting Monopoly;10
She’s Bursting Big Tech’s Bubble;10
For Stock Markets, ‘an Unwelcome Déjà Vu Feeling’;10
Google, You Can’t Buy Your Way Out of This;10
Republicans Blast Social Media C.E.O.s While Democrats Deride Hearing;10
Watch Full Video: Tech C.E.O.s Testify Before the Senate;10
Tech chiefs plan a vigorous defense of speech on their sites.;10
We Need Policy, Not WrestleMania;10
Republicans and Democrats have similar goals. They will make different arguments.;10
Google Up Against Laws That Thwarted Microsoft (and Others Since 1890);10
Evidence of anti-conservative bias by platforms remains anecdotal.;10
Big Tech’s Professional Opponents Strike at Google;10
The Justice Dept.’s Lawsuit Against Google: Too Little, Too Late;10
Trump Allies Amp Up Fight Over Tech’s Legal Shield Before Election;10
The Week in Business: A Headache for Big Tech;10
Trump’s Claims About Hunter Biden Send Online Activity Soaring;10
Why Washington Hates Big Tech;10
Google Employees Are Free to Speak Up. Except on Antitrust.;10
Quibi’s Quick End;10
Forget Antitrust Laws. To Limit Tech, Some Say a New Regulator Is Needed.;10
Police Can Open Your Phone. It’s OK;10
As Election Nears, Government and Tech Firms Push Back on Russia (and Trump);10
The Case(s) Against Big Tech;10
Labor Board Accuses Google Contractor of Violating Union Rights;10
In Hubbub Over New York Post Report, YouTube Stands Apart;10
YouTube Cracks Down on QAnon Conspiracy Theory, Citing Offline Violence;10
Schools Struggle to Secure Computers;10
Business Leaders Speak Out on Election Integrity;10
12 Accusations in the Damning House Report on Amazon, Apple, Facebook and Google;10
Supreme Court Hears Copyright Battle Between Google and Oracle;10
Manhattan Emptied Out During the Pandemic. But Big Tech Is Moving In.;10
Google Chromecast Review: A Streaming Device That Gets Better the More It Knows;10
July Is the New January: More Companies Delay Return to the Office;10
Technology vs. Covid-19: Assessing the Threats;10
Congress Agrees: Big Tech Is Broken.;10
Take a Social Media Break Until You’ve Voted;10
The House Antitrust Report on Big Tech;10
House Lawmakers Condemn Big Tech’s ‘Monopoly Power’ and Urge Their Breakups;10
Google Demands 30% Cut From App Developers in Its Play Store;9
Big Tech Was Their Enemy, Until Partisanship Fractured the Battle Plans;10
Google Services Go Down in Some Parts of U.S.;9
To Fight Apple and Google, Smaller App Rivals Organize a Coalition;9
What’s the Deal With Google Now?;9
An Uber Wage Experiment Worked;10
Justice Dept. Case Against Google Is Said to Focus on Search Dominance;9
This Deal Helped Turn Google Into an Ad Powerhouse. Is That a Problem?;9
What’s the Plan if Trump Tweets That He’s Won Re-election?;9
Alphabet Settles Shareholder Suits Over Sexual Harassment Claims;9
What Apple’s Fortnite Fee Battle Is Really About;9
Hooray (Mostly) for the Government!;9
America’s Tech Billionaires Could Help Protect the Election. If They Wanted To.;9
Computing Pioneers Endorse Biden, Citing Trump Immigration Crackdown;9
Coming This Fall: Return of the Video Game Console Wars;9
Justice Dept. Plans to File Antitrust Charges Against Google in Coming Weeks;9
Europe Feels Squeeze as Tech Competition Heats Up Between U.S. and China;9
No, Facebook Does Not Reflect Reality;9
Apple and Google to Make It Easier to Opt In to Virus Tracing;9
Facebook Could Block Sharing of News Stories in Australia;9
Parents Got More Time Off. Then the Backlash Started.;9
Going Down?;9
Wall Street Has Its Worst Day in Months;9
To Fight Apple and Google’s Grip, Fortnite Creator Mounts a Crusade;8
The Lesson We’re Learning From TikTok? It’s All About Our Data;8
With Hacks and Cameras, Beijing’s Electronic Dragnet Closes on Hong Kong;8
Fortnite Creator Sues Apple and Google After Ban From App Stores;8
Google, Facebook and Others Broaden Group to Secure U.S. Election;8
How Kamala Harris Forged Close Ties With Big Tech;8
Google Faces European Inquiry Into Fitbit Acquisition;8
Can This Relationship Be Saved? Big Tech and Big Advertisers Talk It Over.;8
Big Tech’s Domination of Business Reaches New Heights;8
Google Pixel 4A Review: At $350, a Win for Those on a Budget;8
Trump’s Attacks on TikTok and WeChat Could Further Fracture the Internet;8
How Apple’s 30% App Store Cut Became a Boon and a Headache;8
Star Technologist Who Crossed Google Sentenced to 18 Months in Prison;8
An Epic Battle;8
‘Very Easy For Users to Be In Control of Their Data,’ Google C.E.O. Says;7
Google Takes Aim at Amazon. Again.;7
Big Tech Makes Inroads With the Biden Campaign;8
How Pro-Trump Forces Work the Refs in Silicon Valley;8
Amazon, Apple, Facebook and Google Prepare for Their ‘Big Tobacco Moment’;7
Google Promises Privacy With Virus App but Can Still Collect Location Data;7
The Cult of the Tech Genius;8
How May Google Fight an Antitrust Case? Look at This Little-Noticed Paper;7
What Years of Emails and Texts Reveal About Your Friendly Tech Companies;8
I Tried to Live Without the Tech Giants. It Was Impossible.;7
They Made How Much?;7
The Economy Is in Record Decline, but Not for the Tech Giants;7
Big Tech’s Backlash Is Just Starting;7
The Last Days of the Tech Emperors?;7
The Big Tech Hearing;7
‘This Is a New Phase’: Europe Shifts Tactics to Limit Tech’s Power;7
Grilled by Lawmakers, Big Tech Turns Up the Gaslight;7
Congress Versus the ‘Emperors’;7
Lawmakers, United in Their Ire, Lash Out at Big Tech’s Leaders;7
Watch Live: Tech C.E.O.s Testify Before Congress;7
Titans of Tech Testify in Their Trust-Me Suits;7
Congress Doesn’t Get Big Tech. By Design.;7
How to Fight Against Big Tech’s Power;7
A Handbook to Today’s Tech Hearing;7
We Have Questions;7
Tech’s ‘Big Tobacco’ Moment;7
A Bird? A Plane? No, It’s a Google Balloon Beaming the Internet;7
Google Sets Limit on How Long It Will Store Some Data;6
Digital Habits Are Hard to Break;7
Barr’s Interest in Google Antitrust Case Keeps It Moving Swiftly;6
Big Tech Funds a Think Tank Pushing for Fewer Rules. For Big Tech.;7
Popular Chinese-Made Drone Is Found to Have Security Weakness;7
Your Trusty Maps App Can Help You Navigate the Pandemic;7
The New York Times Has Shared a File With You;7
Big Tech Has a Big Climate Problem. Now, It’s Being Forced to Clean Up.;7
Banned Chinese Companies Deny Allegations They Abused Uighurs;7
U.S. Imposes Sanctions on 11 Chinese Companies Over Human Rights;7
How Porky Pig Works From Home;7
A Former Google Executive Takes Aim at His Old Company With a Start-Up;6
Google’s European Search Menu Draws Interest of U.S. Antitrust Investigators;6
Google Rescinds Offers to Thousands of Contract Workers;5
Suit Claims Google’s Tracking Violates Federal Wiretap Law;6
Why All the Shouting About Google?;5
Chinese Hackers Target Email Accounts of Biden Campaign Staff, Google Says;6
YouTube’s Factory Workers Are Angry;7
10 Theses About Cancel Culture;7
The Great Google Revolt;2
The Great Google Revolt;2
Business Leaders Urge Trump to Leave DACA Alone After Court Ruling;7
Google Sibling Abandons Ambitious City of the Future in Toronto;5
Even Google and Facebook May Face an Ad Slump;4
Trump Oversold a Google Site to Fight Coronavirus;3
Google Makes Stadia Gaming Service Free;4
Sonos, Squeezed by the Tech Giants, Sues Google;1
Google Gives Cover to Trump’s Lies;3
Google Will Require Proof of Identity From All Advertisers;4
Australia Moves to Force Google and Facebook to Compensate Media Outlets;4
