New Brunswick, N.J.: Big-City Amenities With a Small-Town Feel;10
When Will You Be Able to Get a Coronavirus Vaccine?;9
Boris Johnson Delivered on Brexit. It May Not Soothe His Unruly Party.;12
Brinkmanship or Bluster? On Brexit and Pandemic, Boris Johnson Leaves It Late;12
Boris Johnson Orders New Lockdown in Sharp Reversal;12
Britain Won’t ‘Ban’ Christmas as Coronavirus Surges, Johnson Says;12
No Scrooge Here: Johnson Resists ‘Canceling’ Christmas to Stem Coronavirus;12
9 Drug Companies Pledge to ‘Stand With Science’ on Coronavirus Vaccines;9
For London, Tighter Virus Rules. For Boris Johnson, More Pressure.;12
Boris Johnson Tightens U.K. Lockdown, Citing Fast-Spreading Version of Virus;12
Brexit Trade Deal Really Is Coming Down to the Wire;12
U.K. Approves Oxford-AstraZeneca Vaccine, and Tightens Lockdown;12
Boris Johnson Once Mocked the Eurocrats of Brussels. They Haven’t Forgotten.;12
U.K. Virus Surge Surpasses Spring Peak as Lockdown Choices Loom;12
Britain and E.U. Reach Long-Awaited Brexit Trade Deal;12
Britain and E.U. Reach Landmark Deal on Brexit;12
Britain and E.U. Scramble to Reach Brexit Deal Before Christmas;12
The Brexit Fight, Through a Reporter’s Prism of a Changed Continent;12
Brexit Is Finally Done, but It Already Seems Out of Date;12
For U.K., an Early Taste of Brexit as Borders Are Sealed;12
Concerns About Coronavirus Variant Cut Off U.K. From Europe;12
Britain Gets a Boost With a Brexit Trade Deal, but Challenges Loom;12
Andrew Sullivan on the War Within Conservatism and Why It Matters to All of Us;12
The Artists We Lost in 2020, in Their Words;12
As Brexit Deadline Looms, Boris Johnson Takes Personal Control of Talks;12
As Brexit Talks Stall, Boris Johnson Offers the E.U. an Olive Branch;12
Elevating Fringe Theories, Ron Johnson Questions Virus Science;12
Boris Johnson Fails to Break Brexit Deadlock in Brussels Talks;12
Remembering Rafer Johnson in a Long Year of Lost Sports Legends;12
Your Thursday Briefing;12
Going ‘the Extra Mile,’ Britain and E.U. Give Brexit Talks More Time;12
Artists Ask MoMA to Remove Philip Johnson’s Name, Citing Racist Views;12
After Electoral College Votes, More Republicans Warily Accept Trump’s Loss;12
Your Tuesday Briefing;12
In Last-Ditch Bid for Brexit Deal, Leaders’ Theatrics Show the Stakes;12
All Fish and No Chips;12
Your Monday Briefing;12
U.K. to Halt Subsidies for Fossil Fuel Projects Abroad;12
Rafer Johnson, Winner of a Memorable Decathlon, Is Dead;12
The Best Poetry of 2020;12
For Boris Johnson, a Week to Exorcise the Demons of 2020;12
Coronavirus Vaccine Could Be Ready in a Few Weeks, Says Johnson;12
Your Friday Briefing;12
December Date for U.S. Women’s Open Brings New Challenges;12
‘A Tsunami of Change’: How Protests Fueled a New Crop of Prosecutors;12
5 Things to Do This Weekend;12
5 Art Accounts to Follow on Instagram Now;12
Best Movies of 2020;12
In England, Rumbles of Discontent as Parliament Votes to Exit Lockdown;12
Johnson Basks in a Rare Burst of Good U.K. News;11
England’s Lockdown Will Lift, but Many Pub Doors Will Stay Closed;11
How ‘The Crown’ Embraced ’80s Pop;11
Britain Set to Leap Ahead in Approving Vaccines;11
Assaults and Occupations in Wartime;11
Iconic or Sexist? Palm Springs Mulls a Marilyn Monroe Statue;11
Johnson, Seen as a Trump Ally, Signals Alignment With Biden;11
Boris Johnson, Coronavirus, Mike Pompeo: Your Friday Briefing;11
England Will Lift Coronavirus Restrictions;11
The Snake-Oil Salesmen of the Senate;11
Boris Johnson Lays Out U.K. Plan for a ‘Green Industrial Revolution’;11
Your Tuesday Briefing;11
English Gyms Offer a New Workout: Civil Disobedience;11
Instead of Regaining Momentum, Johnson Is Stalled at Home Again;11
Dustin Johnson Wins 2020 Masters in Record Fashion;11
The 2020 Masters: Dustin Johnson Sets Scoring Record;11
Dustin Johnson Widens Masters Lead and Eyes Scoring Record;11
Dominic Cummings, Powerful Aide to Boris Johnson, Resigns, Report Says;11
Brexit Hard-Liners Lose Battle as Aide to U.K’s Johnson Quits;11
Would He or Wouldn’t He? Johnson Is Relieved That Biden Called;11
Britain’s prime minister is quarantining, and other news around the world.;11
Tiger Woods Faced Disaster at the Masters. He Stuck Through It Anyway.;11
Trump’s Defeat Weakens Boris Johnson in Urgent Brexit Talks;11
What to Expect on Day 2 of the 2020 Masters;11
Pfizer Vaccine, Brexit, U.S. Presidential Transition: Your Friday Briefing;11
The 2020 Masters: DeChambeau’s Challengers Aren’t Exactly Long Shots;11
Eddie Johnson, N.B.A. Star Who Fell Into Crime, Dies at 65;11
New & Noteworthy, From Fake News to American Essays;11
Biden Speaks to European Allies as Strongmen Stay Silent on U.S. Vote;11
Does Trump’s Defeat Signal the Start of Populism’s Decline?;11
How Biden Can Govern in Spite of Everything;11
7 Podcasts From Familiar Faces;11
Europe Lauds Biden but Wonders: What Will He Want? How Long Will He Stay?;11
U.K.’s Johnson Faces a Growing Revolt Over His Coronavirus Policy;11
As Boris Johnson Plays Scrooge, Britons Feed the Hungry Themselves;11
For Some Veteran Stars, NASCAR’s Appeal Is Fading;11
Dr. Philip Lee Is Dead at 96; Engineered Introduction of Medicare;11
This Is an Election Story That Mentions Neither Biden Nor Trump;11
Britain Expands Coronavirus Restrictions;10
England to Shut Pubs, Restaurants and Most Shops as Virus Surges;10
‘Everyone Needs a Buddy’;10
The Capital of Sprawl Gets a Radically Car-Free Neighborhood;10
Taking a Page From White House, Boris Johnson Bets on Live Press Briefings;10
In Pandemic U.K., Brexit Is an Afterthought, as Is Trump;10
Harrison Johnson, Pastor at Funeral in Mass Shooting, Dies at 65;10
Britain’s Health Workers Face 2nd Virus Wave, but This Time With Less Support;10
James A. Johnson, Democratic Power Broker, Dies at 76;10
Arts Bailout in U.K. Buys Time, but No Peace of Mind;10
I Have Covid-19 Antibodies. Finally I Know How to Help.;10
Brett Phillips Becomes the Rays’ Latest Unlikely Hero;10
Johnson Announces Highest Coronavirus Restrictions for Manchester;10
Review: In a Cemetery, Music Lives;10
Bess Abell, Social Secretary in Johnson White House, Dies at 87;10
‘We Are Not Going to Lie Down’: A Coronavirus Revolt in England;10
7 Things to Do This Weekend;10
Could Dance Be a Weapon All Over Again?;10
Senate Bill Would Outlaw Bank Discrimination for the First Time;10
To Test Virus Vaccines, U.K. Study Will Intentionally Infect Volunteers;10
With Brexit Clock Ticking, Boris Johnson Vows, Again, to Walk Away;10
‘I Want to Avoid Another National Lockdown,’ Johnson Says;10
With Black Artists’ Input, One Gallery Is ‘Starting to Look Different’;10
As Britain Edges Toward Lockdowns, Long-Held Grievances Flare Up;10
What to Know About N.Y.’s Plastic Bag Ban;10
Alan S. Boyd, Nation’s First Transportation Chief, Dies at 98;10
As Virus Surges and Brexit Bears Down, Boris Johnson Stalls for Time;10
U.S. Election, Boris Johnson, Coronavirus: Your Friday Briefing;10
The Bubble Doctor Is In: She Keeps Dance Companies Moving;10
‘Vile, Racist Postings’ by N.Y. Court Officers Included Obama in a Noose;10
Man Sentenced to Life Over Theft of Hedge Clippers Is Granted Parole;10
While Boris Johnson Sinks, Rishi Sunak Is on the Rise;10
Boris Johnson Announces Three-Tier Coronavirus Alert System;10
Johnson & Johnson’s Coronavirus Vaccine Protects Monkeys, Study Finds;7
For Boris Johnson, and Maybe Trump, Covid as Metaphor Is Hard to Shake;10
Europe, Which Thought It Had the Virus Tamed, Faces a Resurgence;10
In England, Confusion Over Virus Rules That Change by the Day;10
Britain’s New Measures to Control Virus Inflame North-South Tensions;10
Planned Parenthood’s Plan for Amy Coney Barrett;10
How Could Voting by Mail Affect the Election? Look at Michigan;10
Inside Johnson & Johnson’s Nonstop Hunt for a Coronavirus Vaccine;7
‘Incredible What They’re Doing,’ Johnson Says of Vaccine Team;10
Jeff Tweedy’s Homesick Tune, and 11 More New Songs;10
11 New Books We Recommend This Week;10
‘It Really Was Abandonment’: Virus Crisis Grips British Universities;10
In U.K.’s Test and Trace: Now You See ’em, Now You Don’t;10
America, We Know What You’re Going Through;10
Leaders Who Caught Virus: Boris Johnson, Jair Bolsonaro and Now Trump;10
‘Dick Johnson Is Dead’ Review: A Father’s Painful, Funny Goodbye;10
‘Keep Calm and Carry On’ May Not Work in a Time of Pandemic;10
For Boris Johnson, a Grim Premiership That No One Foresaw;9
World Leaders Wish Trump a Speedy Recovery;10
Sexual Harassment Underreported at State Department, Report Says;10
Amid a Fashion Month Like No Other, Scenes of a Not-So-Distant Past;10
How Corey Johnson’s Decision to Drop Out Changed the N.Y.C. Mayor’s Race;9
The Best Documentaries on Netflix Right Now;10
For U.K.’s Boris Johnson, Hardball Tactics Seem the Only Way to a Brexit Deal;9
Tanqueray, Humans of New York Star, Brings in Over $2.5 Million in Donations;9
Criticism of Skin Lighteners Brings Retreat by Unilever and Johnson & Johnson;6
Corey Johnson Drops Out of 2021 Race for N.Y.C. Mayor;9
‘By No Means a Return to the Full Lockdown,’ Johnson Says;9
U.K. Opposition Leader Denounces Boris Johnson Handling of Coronavirus Crisis;9
U.K.’s Boris Johnson Orders Pubs and Restaurants to Close Early;9
U.K. Opposition Leader Says Boris Johnson Is ‘Just Not Up to the Job’;9
Johnson & Johnson Will Stop Selling Skin-Whitening Lotions;6
Ginsburg’s Personal Trainer Honors Her With Push-Ups at Memorial;9
Videos Show Gunman Firing at Police During Louisville Protest;9
A Somber Boris Johnson Offers Britain a New Plan to Halt the Virus;9
A Painter Who Puts It All on the Line;9
Britain Introduces a Scaled-Back Wage Support Plan;9
Republican Inquiry Finds No Evidence of Wrongdoing by Biden;9
‘We Are Now Seeing a Second Wave,’ Johnson Says;9
Don’t Mess With Ireland, Biden Warns Boris Johnson;9
Boris Johnson Pushes to Backtrack on E.U. Deal, Despite Party Revolt;9
Young Adult Dystopian Fiction That Feels Pretty Real;9
Britain Scrambles to Avoid a Second Lockdown;9
Four Louisiana Officers Charged in Death of Black Man With Mental Illness;9
Why a Designer Held a Fashion Show on a Small New York City Island;9
New-Era Golfers Prepare to Be Humbled at Winged Foot;9
Europe’s Economic Revival Is Imperiled, Raising the Specter of a Grinding Downturn;9
Can Biden Fix What Trump Broke?;9
Brexit Talks Hit Crisis as Boris Johnson Rejects Ultimatum;9
As Second Wave of Virus Builds, U.K. Enters New Testing Crisis;9
