The Best Video Games to Get Lost In This Holiday Season;11
New PlayStation and Xbox Arrive During a Pandemic Gold Rush;11
PlayStation 5: The Next Step in Sony’s Rebound;11
Xbox Series X and S Review: Microsoft’s New Consoles Are a Good Value. Is That Enough?;11
New Type of Test May Better Discern Immunity to the Coronavirus;11
PlayStation 5 Review: Sony’s New Console Is an Entertaining Behemoth;11
‘Perception Hacks’ and Other Potential Threats to the Election;10
Google Up Against Laws That Thwarted Microsoft (and Others Since 1890);10
Apple, Google and a Deal That Controls the Internet;10
Forget Antitrust Laws. To Limit Tech, Some Say a New Regulator Is Needed.;10
As Election Nears, Government and Tech Firms Push Back on Russia (and Trump);10
Microsoft Takes Down a Risk to the Election, and Finds the U.S. Doing the Same;10
Microsoft Says App Stores Should Be More Competitive;10
Technology vs. Covid-19: Assessing the Threats;10
House Lawmakers Condemn Big Tech’s ‘Monopoly Power’ and Urge Their Breakups;10
Microsoft Grabs Some of World’s Biggest Games in $7.5 Billion Deal;9
TikTok Deal Exposes a Security Gap, and a Missing China Strategy;9
Oracle Chosen as TikTok’s Tech Partner, as Microsoft’s Bid Is Rejected;9
Russian Intelligence Hackers Are Back, Microsoft Warns, Aiming at Officials of Both Parties;9
Bill Gates Sr., Who Guided Billionaire Son’s Philanthropy, Dies at 94;9
Pentagon Sticks With Microsoft for Cloud Computing Contract;9
Coming This Fall: Return of the Video Game Console Wars;9
In Bid for TikTok, Microsoft Flexes Its Power in Washington;8
How TikTok’s Talks With Microsoft Turned Into a Soap Opera;8
Wall Street Has Its Worst Day in Months;9
TikTok Deal Faces Complications as U.S. and China Ratchet Up Tit-for-Tat;8
I Tried Microsoft’s Flight Simulator. The Earth Never Seemed So Real.;8
TikTok Deal Is Complicated by New Rules From China Over Tech Exports;8
TikTok Is Said to Wrestle With Two Competing Offers;8
Natural History Museum Union Files Complaint Over Coronavirus App;8
Palantir, Ant and the Tech Listing Boom;8
With TikTok, ‘Uncool’ Microsoft Aims for the Love of Tweens;8
What Would Microsoft Do With TikTok?;8
Microsoft Says It’ll Continue Pursuit of TikTok;8
Big Tech’s Domination of Business Reaches New Heights;8
‘This Market Is Nuts’: S&P 500 Hits Record, Defying Economic Devastation;8
TikTok, Huawei and the ‘Splinternet’;8
Trump Reverses Course on TikTok, Opening Door to Microsoft Bid;8
Microsoft Said to Be in Talks to Buy TikTok, as Trump Weighs Curtailing App;7
Microsoft Can Save TikTok — if Trump Doesn’t Mess It Up;8
A Third of TikTok’s U.S. Users May Be 14 or Under, Raising Safety Questions;8
Google, Facebook and Others Broaden Group to Secure U.S. Election;8
Slack Accuses Microsoft of Illegally Crushing Competition;7
Trump Wants U.S. to Get Cut of Any TikTok Deal. No One Knows How That’d Work.;8
Is TikTok More of a Parenting Problem Than a Security Threat?;8
The Tech You Love;8
Is TikTok a Good Buy? It Depends on What’s Included;8
TikTok Must Be Sold or Risk Being Shutdown, Trump Says;8
TikTok, Trump and an Impulse to Act as C.E.O. to Corporate America;8
Magic Leap Hires Top Microsoft Executive as C.E.O.;7
What’s Going On With TikTok? Here’s What We Know;8
I Tried to Live Without the Tech Giants. It Was Impossible.;7
Big Tech Has a Big Climate Problem. Now, It’s Being Forced to Clean Up.;7
A Company Backs a Cause. It Funds a Politician Who Doesn’t. What Gives?;7
Say One Thing, Donate to Another;7
Microsoft’s Lessons for Google;12
Bill Gates Stepping Down From Microsoft’s Board;3
A Botnet Is Taken Down in an Operation by Microsoft, Not the Government;3
Is Microsoft Sure It Wants to Buy TikTok?;8
Behind the scenes of TikTok’s talks with Microsoft.;8
Ahead of the Pack, How Microsoft Told Workers to Stay Home;3
Ninja Played Fortnite on YouTube, and the Gaming World Lost Its Mind;7
Microsoft Issues Financial Warning Because of Coronavirus;2
Judge Halts Work on Microsoft’s JEDI Contract, a Victory for Amazon;2
The Economy Is Reeling. The Tech Giants Spy Opportunity.;6
Chinese Hackers Target Email Accounts of Biden Campaign Staff, Google Says;6
What Satya Nadella Thinks;5
Investors Bet Giant Companies Will Dominate After Crisis;4
Marina Abramovic Just Wants Conspiracy Theorists to Let Her Be;4
A.I. Versus the Coronavirus;3
There Is a Racial Divide in Speech-Recognition Systems, Researchers Say;3
Pentagon Asks to Reconsider Awarding Huge Cloud Contract to Amazon;3
N.S.A. Takes Step Toward Protecting World’s Computers, Not Just Hacking Them;1
F.T.C. Broadens Review of Tech Giants, Homing In on Their Deals;2
Five questions about the antitrust case against Google.;10
ByteDance Said to Offer to Sell TikTok’s U.S. Operations;8
The Epic Battle Between Trump and Bezos Is On;2
Workplace vs. Coronavirus: ‘No One Has a Playbook for This’;3
Amazon Looks to Question Trump in Pentagon Contracting Case;2
The Strange Saga of TikTok;8
Analysts worry about the top-heavy stock market.;7
Put Alexa and Siri to Work;1
Salesforce to Acquire Slack for $27.7 Billion;12
This Deal Helped Turn Google Into an Ad Powerhouse. Is That a Problem?;9
When Will Companies Finally Step Up to Fight Climate Change?;1
Trump Says Oracle Could ‘Handle’ Owning TikTok;8
Life in Seattle, America’s Coronavirus Capital;3
Can Corporations Stop Climate Change?;2
Big Tech Could Emerge From Coronavirus Crisis Stronger Than Ever;3
Pete Carroll Wants to Change Your Life;1
Office Treats Bring Out the Worst of Humanity;1
Google’s Legal Peril Grows in Face of Third Antitrust Suit;12
Small tech stocks are posting eye-popping gains.;9
The Week in Business: Amazon Is Coming for Trump;2
July is the new January: More companies delay a return to the office.;10
Stocks Continue Record Climb as Earnings Overshadow Impeachment;1
Will Oracle Solve Trump’s TikTok Problem?;9
Europe, Overrun by Foreign Tech Giants, Wants to Grow Its Own;2
Will More Data Make Us Healthier?;8
Why Your Workplace Software Stinks;12
Fears Over New Coronavirus Grip Davos;1
What Did Google Do?;10
What Is Happening With the Antitrust Suit Against Google?;10
Remote Work Isn’t Working? Maybe Your Company Is Doing It Wrong;7
Google’s European Search Menu Draws Interest of U.S. Antitrust Investigators;6
Christopher Krebs Hasn’t Been Fired, Yet;11
Best in Show: Watch Fred Willard’s Most Memorable Roles;5
Trump Targets WeChat and TikTok, in Sharp Escalation With China;8
When it Comes to Facebook, the Need for Action Has Been Obvious for a Long Time;12
TikTok, Spain’s Monarchy, Turkey: Your Tuesday Briefing;8
Top Investigator in Google Case Says There ‘Was Not a Rush’ to Sue;10
IBM, Seeing Its Future in the Cloud, Breaks Off I.T. Unit;10
Google Antitrust Fight Thrusts Low-Key C.E.O. Into the Line of Fire;10
Your Thursday Briefing;8
The Gap Between the Haves and Have-Nots of Tech Widens;2
The Week in Tech: Are Smartphones Interesting Again?;2
The Leaders Who Passed the Coronavirus Test;4
TikTok Bid Highlights Oracle’s Public Embrace of Trump;9
Stimulus Stalemate, Medical Bills, TikTok: Your Monday Evening Briefing;8
The Time for TikTok’s Talks Is Ticking Down;8
Elon Musk Delivers a Big Surprise;7
Buying tech stocks is the ‘most crowded’ trade in history.;7
A Rush to Use Black Art Leaves the Artists Feeling Used;7
How the PlayStation became Sony’s centerpiece product.;11
Stocks Fall Again as Coronavirus Spreads;2
Seth Meyers: After TikTok, Trump Could Ban Candy Crush;8
Gaming Sales Are Up, but Production Is Down;4
Switch From Your Internet Provider’s Email to Something Better;1
Here’s the business news to watch this week.;7
Technology stocks rally, leading Nasdaq to a record.;7
How Facebook Entrenches Itself;9
The Last Days of the Tech Emperors?;7
Corrections: Nov. 22, 2020;11
The Facebook Lawsuits Explained;12
Computing Pioneers Endorse Biden, Citing Trump Immigration Crackdown;9
Corporate America Says Black Lives Matter. It Needs to Hold Up a Mirror.;6
A much-hyped video game has turned into a nightmare for its developer.;12
‘Perception hacks,’ minor incursions that could be exaggerated, are the latest cybersecurity target.;10
Trump Contradicts Pompeo Over Russia’s Role in Hack;12
What Has Changed Since George Floyd;8
TikTok’s Proposed Deal Seeks to Mollify U.S. and China;9
Apple Reaches $2 Trillion, Punctuating Big Tech’s Grip;8
How to Answer Common Difficult Interview Questions;3
A readers’ guide to our coverage of the Google antitrust case.;10
Repeat After Me: The Markets Are Not the Economy;5
Oracle’s embrace of Trump goes beyond its bid for TikTok.;9
Stocks Slide Again as a Promising Week Turns South;9
People Aren’t Reading or Watching Movies. They’re Gaming.;8
24 Turing Award winners, worried Trump’s immigration policy is harming technological progress, endorse Biden.;9
How Philanthropists Are Helping During the Crisis;3
Treasury Department’s Senior Leaders Were Targeted by Hacking;12
Video Game Makers Want to Get Players Off the Couch;2
Tech Companies Detect a Surge in Online Videos of Child Sexual Abuse;2
Google, You Can’t Buy Your Way Out of This;10
Officials Warn of Cyberattacks on Hospitals as Virus Cases Spike;10
Facebook Gaming Finally Clears Apple Hurdle, Arriving in App Store;8
Bill Gates Is the Most Interesting Man in the World;5
‘We Can Do Better’: One Plan to Erase America’s Digital Divide;4
Sharpton Delivers Eulogy;6
‘It’s a Weird Feeling’: Seattle Hunkers Down Amid Coronavirus Outbreak;3
Judge Blocks Trump’s Ban on Foreign Workers;10
Surging Traffic Is Slowing Down Our Internet;3
July Is the New January: More Companies Delay Return to the Office;10
The Winners and Losers From T-Mobile and Sprint’s Merger Saga;2
Trump fires a cybersecurity official who called the election ‘the most secure in American history.’;11
Is This How the TikTok Saga Ends?;9
As some offices reopen, employees return with both eagerness and reluctance.;11
News Quiz: Democrats, Russia, Herd Immunity;8
Leila Janah, Entrepreneur Who Hired the Poor, Dies at 37;1
The Week in Tech: We’re Testing How Much the Internet Can Handle;3
Gary Starkweather, Inventor of the Laser Printer, Dies at 81;1
Twitter Could End the Office as We Know It;5
TikTok Sues U.S. Government Over Trump Ban;8
Apple Halves Its App Store Fee for the Smaller Companies;11
Google Reaches $1 Trillion in Value, Even as It Faces New Tests;1
Shopping for Desk Lamps;11
Trump Officially Orders TikTok’s Chinese Owner to Divest;8
Russians ‘Have Committed’ to Not Interfering in Elections, Trump Aide Insists;10
The Virus Changed the Way We Internet;4
U.S. Accuses Google of Illegally Protecting Monopoly;10
Bill Gates, at Odds With Trump on Virus, Becomes a Right-Wing Target;4
How TikTok’s Owner Tried, and Failed, to Cross the U.S.-China Divide;8
Can Los Angeles Schools Test 700,000 Students and 75,000 Employees? That’s the Plan;8
Big Tech’s Backlash Is Just Starting;7
Amazon Pushes Into Making Video Games, Not Just Streaming Their Play;4
The Justice Dept.’s Lawsuit Against Google: Too Little, Too Late;10
Will Our Most Important Industry Survive the Coronavirus?;3
How Bad Could It Get? Companies Gauge the Coronavirus Impact;2
It’s Not All Bad. Here’s Proof.;3
The Week in Tech: Welcome to the Age of Mandatory Videoconferencing;3
The Cult of the Tech Genius;8
Amazon Pauses Police Use of Its Facial Recognition Software;6
App Used to Tabulate Votes Is Said to Have Been Inadequately Tested;2
MacArthur ‘Genius’ Grant Winners for 2020: The Full List;10
Bill Gates is on a quest to vaccinate the world. Can he do it?;11
News Quiz: Breonna Taylor, Hurricane Sally, Venus;9
Misinformation messengers pivot from election fraud to peddling vaccine conspiracy theories.;12
Google Makes Stadia Gaming Service Free;4
How to Submit a Modern Love Essay;9
Four Top Tech C.E.O.s Will Testify in Antitrust Inquiry, Panel Says;7
The Coronavirus Could Rewrite the Rules for Silicon Valley;4
Barr’s Interest in Google Antitrust Case Keeps It Moving Swiftly;6
Impeachment, 2020 Debate, Andy Warhol: Your Tuesday Evening Briefing;1
What It’s Like to Be a Virtual N.B.A. Fan;8
You Can’t Spell Creative Without A.I.;4
Why All the Shouting About Google?;5
The Week in Tech: Coronavirus Disrupts the Industry;2
Are Companies More Productive in a Pandemic?;6
How to Fix the Coronavirus Testing Mess in 7 Days;3
Apple Introduces New Macs With the First Apple Chips;11
China’s Military Is Tied to Debilitating New Cyberattack Tool;5
The Uneasy Afterlife of Our Dazzling Trash;11
Trump Swings Against TikTok, WeChat;8
Privacy Cannot Be a Casualty of the Coronavirus;4
Stimulus Bill, Wildfires, N.F.L.: Your Thursday Evening Briefing;9
Return of the King: Ninja, a Video Game Star, Goes Back to Twitch;9
Late Night Taken Aback as Trump Says He Likes to Obey the Law;1
Supreme Court, Europe Lockdowns, Electric Cars: Your Monday Evening Briefing;9
Move Aside, Mr. Trump. These Women Have More Money and Better Ideas.;9
A Wider-Than-Thought Trump Investigation;8
Elon Musk and Mark Zuckerberg Aren’t on the Same Page;4
The Lesson We Are Learning From Zoom;4
Airbnb Imagines a ‘Stakeholder’ World;1
Tap LinkedIn for Career Opportunities;11
How California’s New Privacy Law Affects You;1
A Failure of Policy and Planning;3
Four Questions to Help Demystify Your Relationship With Money;9
Delta Plans to Go Carbon Neutral. Yes, You Read That Right.;2
Amazon and Apple Are Powering a Shift Away From Intel’s Chips;12
America’s Tech Billionaires Could Help Protect the Election. If They Wanted To.;9
A Former Google Executive Takes Aim at His Old Company With a Start-Up;6
A U.S. Secret Weapon in A.I.: Chinese Talent;6
House Democrats Back Changing Rules to Allow Remote Voting During Pandemic;4
Wall St. Shrugs Off Risks Related to Viral Outbreak in China;1
Speaking on the economy, Biden says ‘we can deliver immediate relief’ and calls on Congress to act quickly.;11
Facebook Points to ‘Signs of Stability’ as Ad Declines Flatten;4
Remote Learning Comes to America as Coronavirus Shuts Schools;3
Stocks Slide as Texas Rolls Back Reopening;6
Your Friday Briefing;9
TikTok Ban? Creators and Fans Are Big Mad;8
Biden Calls for Stimulus Ahead of a ‘Dark Winter’ for the Country;11
Should There Be Deals During a Pandemic?;4
How Climate Policy Will Change in 2021;12
Vaccine, U.S.-China, Mars: Your Thursday Briefing;7
Riding Out Quarantine With a Chatbot Friend: ‘I Feel Very Connected’;6
What’s a Palantir? The Tech Industry’s Next Big I.P.O.;8
The Woman Taking Over TikTok at the Toughest Time;9
The Reopening, in 5 Charts;5
Russian Hackers Broke Into Federal Agencies, U.S. Officials Suspect;12
How Apple’s 30% App Store Cut Became a Boon and a Headache;8
Surge of Virus Misinformation Stumps Facebook and Twitter;3
A Presidential Pardon for the ‘Junk Bond King’;2
How Amazon Keeps Defying Gravity;1
Christchurch, Hurricane Laura, Wisconsin Protests: Your Thursday Briefing;8
Weekly News Quiz for Students: Ruth Bader Ginsburg, TikTok, The Emmys;9
China-Backed Hackers Broke Into 100 Firms and Agencies, U.S. Says;9
Stephen F. Williams, U.S. Appeals Court Judge, Dies at 83;8
‘1917’ Hits No. 1 at the Box Office and Takes Aim at the Oscars;1
The Week in Business: Who’s Ready to Go Shopping?;5
Facebook to Introduce an App for Gaming;4
Exploring What Disability Means Today, and Could Mean Tomorrow;7
The Week in Business: Where Are the $300 Checks?;8
Why Does Walmart Want TikTok? Looking to China May Explain;8
C.E.O.s Pledge to Hire 100,000 Low-Income and Minority New Yorkers;8
The Week in Business: The Stimulus Mess;8
‘Double Rainbow Guy’ Paul Vasquez Is Dead at 57;5
Home Sweet Home in Orbit;11
MacKenzie Scott Announces $4.2 Billion More in Charitable Giving;12
Trump Attack on Diversity Training Has a Quick and Chilling Effect;10
The Fight for Senate Control;11
Brexit, Russian Hacking, Coronavirus: Your Friday Briefing;9
The Virus Is a Marathon;9
On McDonald’s and Morality;8
Miles Apart on Coronavirus Relief;8
As U.S. Increases Pressure, Iran Adheres to Toned-Down Approach;9
Alice Wu’s Lesbian Rom-Com Was Influential, but Her Follow-Up Wasn’t Easy;4
Big Tech’s Professional Opponents Strike at Google;10
To Fight Apple and Google’s Grip, Fortnite Creator Mounts a Crusade;8
The Activist Investor Done With Finance;6
The Week in Business: This Is Getting Awkward;11
So, Russia, You Want to Mess With Our Voting Machines?;10
Labor Board Accuses Google Contractor of Violating Union Rights;10
Student Charged in Cyberattacks at Miami-Dade Schools;9
Universities and Tech Giants Back National Cloud Computing Project;6
The Week in Business: Hot Topic at Davos;1
Lesson of the Day: ‘The Machines Are Learning, and So Are the Students’;1
Limiting Indoor Capacity Can Reduce Coronavirus Infections, Study Shows;11
The Week in Business: A Headache for Big Tech;10
Hollywood Stays Away From Facebook Ad Boycott;7
The Rise of the Coronavirus Nature Genre;4
Cloud Computing Is Not the Energy Hog That Had Been Feared;2
Jeff Bezos Buying $165 Million Estate, a California Record;2
Supreme Court Hears Copyright Battle Between Google and Oracle;10
So What Does Trump Have Against TikTok?;8
Amazon Powers Ahead With Robust Profit;1
U.S. Stocks, in a Sweet Spot, Hit a Record;1
When Luxury Stores Decorate Their Riot Barricades With Protest Art;6
The Week in Tech: Companies Make Their Pitch to the Police;2
Women, Leadership and the Post-Pandemic World;11
The Problem Is in the Internet’s Bones;10
With Impeachment in the News, Ads Are Staying Away From Politics;1
Women, Leadership and the Post-Pandemic World;11
The Problem Is in the Internet’s Bones;10
U.S. Is Said to Plan to File Antitrust Charges Against Google;5
Stocks Rally as Iran Worries Ease and Corporate Outlook Brightens;1
The Coronavirus Has Put the World’s Economy in Survival Mode;3
When Is a Deal Not a Deal?;9
Apple’s Trillions;8
TikTok Makes a Deal (Not That One);8
For the Uninitiated and Bored, an Introduction to the World of Gaming;4
News That Can Last a Million Years;12
Have a Search Warrant for Data? Google Wants You to Pay;1
Bloomberg’s Gun Control Group Pours $15 Million Into Races in 8 States;7
Big Tech’s Worries Should Worry You;5
India Targets Jeff Bezos Over Amazon and Washington Post;1
Facebook Cannot Buy Its Way Out of Competition;12
The Super Bowl’s Real Winner Was … Bill Murray?;2
There’s No Such Thing as a Free Tax Cut;1
5 Moments From the American Music Awards;11
TikTok to Challenge Trump Administration Over Executive Order;8
A Privacy Absolutist Isn’t So Sure Anymore;4
How Will Tech Help in a Time of Pandemic?;2
She Hustled to Create Her Art. Then Unemployment Hit.;1
Apple Does Not Need to Return Fortnite to App Store, Judge Rules;10
Virgin Orbit Launch Attempt Ends Without Trip to Space;5
The Davos Plutocrats Warm Up to Trump;1
Review: Competing in the Digital Age;1
Quibi’s Quick End;10
Entertainment Is Power in Push for Racial Justice;8
The Revolution Comes to Davos;1
Up to 30 Million in U.S. Have the Skills to Earn 70% More, Researchers Say;12
Racial Injustice and Corporate America;8
More Than 1,000 Companies Boycotted Facebook. Did It Work?;8
No, the Best Doesn’t Win;4
Coronavirus Will Cost Businesses Billions. Insurance May Not Help.;3
New Mexico Sues Google Over Children’s Privacy Violations;2
Justice Dept. Suit Says Facebook Discriminates Against U.S. Workers;12
Mother of ‘Success Kid’ Demands Steve King Stop Using His Meme;1
Congress Calls on Jeff Bezos of Amazon to Testify;5
After a Hard Year, Holiday Commercials Get Real;12
After a Hard Year, Holiday Commercials Get Real;12
Coronavirus Fears Drive Stocks Down for 6th Day and Into Correction;2
Tesla Value Hits $100 Billion. Will Elon Musk Get a Big Bonus?;1
Big Tech’s Takeovers Finally Get Scrutiny;2
Facebook Says It Will Ban ‘Deepfakes’;1
Vaughan Oliver, 62, Dies; His Designs Gave Indie Rock ‘Physical Dimension’;1
Books Are Really Easy to Wrap;12
5 Unforgettable Conversations From the Events Team;12
As ‘Blue Wave’ Chances Crash, Wall St. Warms to Divided Government;11
Tech Goliaths Act Like Davids;6
Tony Hsieh, Longtime Chief of Zappos, Is Dead at 46;11
Amazon Charged With Antitrust Violations by European Regulators;11
Big Tech Versus Climate Change;7
Apple to Ditch Intel Chips in Macs as It Consolidates Its Power;6
Want to Be Better at Sports? Listen to the Machines;4
Coronavirus Deaths Tied to Nursing Center Came Earlier Than Anyone Knew;3
Happy Results Turned Up Everywhere You Looked;1
How Has the Coronavirus Changed How You Use the Internet?;4
When Coronavirus Quarantine Is Class Warfare;3
Ginni Rometty to Step Down as C.E.O. of IBM;1
Big Tech Was Their Enemy, Until Partisanship Fractured the Battle Plans;10
TikTok Chief Executive Kevin Mayer Resigns;8
A Fifth Avenue Co-op Tops the List of Sales in May;6
Facebook Invests $5.7 Billion in Indian Internet Giant Jio;4
Marc Maron and the Comedy of Doubt;3
My Last Lunch With Jack Welch;3
Council Forces N.Y.P.D. to Disclose Use of Drones and Other Spy Tech;6
This Is the Stimulus We Need Right Now. It’s Not $1,000 for Every American.;3
William Barr, Coronavirus, ‘Dance Monkey’: Your Thursday Evening Briefing;2
Iranian-Americans Questioned at the Border: ‘My Kids Shouldn’t Experience Such Things’;1
Jeff Bezos Commits $10 Billion to Address Climate Change;2
This Is the Stimulus We Need Right Now. It’s Not $1,000 for Every American.;3
The Spotted Pig, Where Employees Were Sexually Harassed, Closes;1
William Barr, Coronavirus, ‘Dance Monkey’: Your Thursday Evening Briefing;2
Iranian-Americans Questioned at the Border: ‘My Kids Shouldn’t Experience Such Things’;1
What’s the Plan if Trump Tweets That He’s Won Re-election?;9
You Can’t Find a Laptop. Now What?;8
Barr Urges U.S. Companies to Resist Serving as ‘Pawns’ for China;7
So Much for the Wisdom of Financial Markets;11
Big Tech Continues Its Surge Ahead of the Rest of the Economy;10
You Can’t Escape Uber’s Lobbying;10
How to Network From Home;9
William English, Who Helped Build the Computer Mouse, Dies at 91;7
Black LinkedIn Is Thriving. Does LinkedIn Have a Problem With That?;10
Consumer Survey Shows Continued Concern;4
How Liberals Opened the Door to Libertarian Economics;9
Events to Shake, or Gently Rattle, the World in 2021;12
New Data Reveals Hidden Flood Risk Across America;6
Trump Fires Christopher Krebs, Official Who Disputed Election Fraud Claims;11
‘Temping’ Is a Workplace Drama for One. You’re Hired.;10
Big Tech Zeros In on the Virus-Testing Market;6
Imagine a World Without Apps;11
Coronavirus Briefing: What Happened Today;11
Samsung Galaxy Z Flip Review: A Folding Phone That’s a Dud;3
Dividends Are Down, but They Are Vastly Better Than Expected;11
A playbook for combating QAnon;8
A Baseball Radical Infiltrates the Reds. They Couldn’t Be Happier.;3
Coronavirus, New Hampshire, Oscars: Your Friday Evening Briefing;2
Lesson of the Day: ‘U.S. and States Say Facebook Illegally Crushed Competition’;12
2020’s Hot Gadget Is the Computer;11
Russians Who Pose Election Threat Have Hacked Nuclear Plants and Power Grid;10
Facebook Takes Down Fake Pages Created in China Aimed at Influencing U.S. Election;9
Slade Gorton, Who Was Voted Out of Senate and Then Back In, Dies at 92;8
For Indian Diaspora, Panic and Anger Over Trump’s Immigration Plans;4
Soon a Robot Will Be Writing This Headline;1
The Immunity of the Tech Giants;5
The Bad News Won’t Stop, but Markets Keep Rising;4
Apple Watch Is a Private Road;9
How We Save Ourselves;6
Antivaccination Activists Are Growing Force at Virus Protests;5
Terry Lenzner, Sleuth With a Wide-Ranging Career, Dies at 80;4
Big Fines and Strict Rules Unveiled Against ‘Big Tech’ in Europe;12
Putin Wants a Truce in Cyberspace — While Denying Russian Interference;9
Small Tech Stocks Soar as the Future Arrives Early;9
Resolved;2
‘Corporate America Has Failed Black America’;6
FireEye, a Top Cybersecurity Firm, Says It Was Hacked by a Nation-State;12
Amy Coney Barrett, Vaccines, Election Polls: Your Monday Evening Briefing;10
Emmys Toast ‘Watchmen’ and ‘Schitt’s Creek’ as Stars Stay Home;9
Hurricane Laura, President Trump, Baby Dinosaurs: Your Thursday Evening Briefing;8
Jobs, School Reopenings, Summer Desserts: Your Friday Evening Briefing;8
Administration Turns to Private Firms to Help Process Small Business Aid;4
False News Targeting Latinos Trails the Election;11
What Happened During Trump’s Visit to California?;9
Philanthropy Rises in Pandemic as Donors Heed the Call for Help;6
Stanley Sporkin, Bane of Corporate Corruption, Dies at 88;3
Big Business Says It Will Tackle Climate Change, but Not How or When;1
Coronavirus, Barack Obama, Summer Pasta: Your Wednesday Evening Briefing;8
After 15 Years, Apple Prepares to Break Up With Intel;6
‘Morally Impossible’: Some Advertisers Take a Timeout From Facebook;6
How to Make America 2.0 a More Equitable Society;4
Mike Pence, Hurricane Laura, Kenosha: Your Wednesday Evening Briefing;8
Health Care Comes to Us;7
You Don’t Need to Travel to Profit From International Stocks;1
Cabinet Picks, Michigan Vote, Vaccines: Your Monday Evening Briefing;11
Europe, 2020 Election, Dodgers: Your Wednesday Evening Briefing;10
Testing, TikTok, Beyoncé: Your Friday Evening Briefing;7
Why the Social Media Rage Machine Won’t Stop;11
In South India, Amazon Builds Its Largest Office Yet;8
This Tool Could Protect Your Photos From Facial Recognition;8
Your Wednesday Briefing;2
Cabinet Picks, Michigan Vote, Vaccines: Your Monday Evening Briefing;11
Europe, 2020 Election, Dodgers: Your Wednesday Evening Briefing;10
Testing, TikTok, Beyoncé: Your Friday Evening Briefing;7
Modular Construction Meets Changing Needs in the Pandemic;12
It’s Not Too Late to Get a Virtual Internship;5
Weinstein Is Convicted. Where Does #MeToo Go From Here?;2
‘More People May Die’ Because of Trump’s Transition Delay, Biden Says;11
F.B.I. Director Warns of Russian Interference and White Supremacist Violence;9
Impeachment, Germany, Huawei: Your Friday Briefing;1
We’re Living in a Subscriptions World. Here’s How to Navigate It.;1
Tesla, Profitable at Last, Bulls Its Way Into the S&P 500;12
Bill Would Make Tech Firms Accountable for Child Sex Abuse Imagery;3
The Trouble With Breaking Up Amazon? Its Online Store Is So Good;2
Jeffrey Epstein Gave $850,000 to M.I.T., and Administrators Knew;1
These People Helped Shape Video Game Culture in 2020;12
Private Tutors, Pop-Up Schools or Nothing at All: How Employers Are Helping Parents;9
Midwest, School Reopenings, Summer Gardens: Your Weekend Briefing;8
Is a Pandemic the Right Time to Start a Business? It Just Might Be;5
The Fed Is Buying E.T.F.s Today;5
The Coronavirus Bailouts Begin to Take Shape;3
Biden Transition, Coronavirus, Barack Obama: Your Thursday Evening Briefing;11
Remote but Inclusive for Years, and Now Showing Other Companies How;10
New E.U. Trade Chief on a Quest to Fix Relations With the U.S.;1
Your Friday Briefing;12
Why Isn’t the Stock Market Reading the Room?;6
When the Critic Is Also the Star. And the Audience.;11
Back to the Office: Tough Call for Workers, and for the Boss;11
TikTok Was a Wasted Opportunity;9
Europe Feels Squeeze as Tech Competition Heats Up Between U.S. and China;9
Your Tuesday Briefing;8
TikTok, Coronavirus, Spearfishing: Your Tuesday Briefing;8
Ask Your Questions About the Pandemic in California;6
The Shaky Future of .org Domains;1
An ‘Electrifying’ Economist’s Guide to the Recovery;11
Election Officials Directly Contradict Trump on Voting System Fraud;11
Soccer’s Business Hasn’t Stopped. It’s Just Waiting for the New Prices.;4
Boeing’s C.E.O. Throws His Predecessor Under the Plane;3
A Chatty Auction Site Is Taking the Classic Car World by Storm;3
In the U.S., More Than 300 Coronavirus Cases Are Confirmed;3
CVS, Dunkin’, Lego: The Brands Pulling Ads From Facebook Over Hate Speech;6
Who Is Jeffrey Rosen, Who Will Lead the Justice Dept. for Trump’s Endgame?;12
Your Wednesday Briefing;8
How to Start a New Job During a Pandemic;8
The Economy Is in Record Decline, but Not for the Tech Giants;7
Lawmakers, United in Their Ire, Lash Out at Big Tech’s Leaders;7
The 7 Things You Need for an Ergonomic Workstation;5
F.D.A. Paves Way for Home Testing of Coronavirus;5
Is This the Most Virus-Proof Job in the World?;4
After the Market’s Worst Day in Decades, Where Do We Go From Here?;3
