How to Reset the Relationship Between the U.S. and China;12
Russians Are Believed to Have Used Microsoft Resellers in Cyberattacks;12
Japanese Supercomputer Is Crowned World’s Speediest;6
The Week in Business: The Bitter End;12
Amazon Pushes Into Making Video Games, Not Just Streaming Their Play;4
Computing Pioneers Endorse Biden, Citing Trump Immigration Crackdown;9
Your Tuesday Briefing;11
Are We Turning a Corner? Investors Are Betting on It;4
We’re Living in a Subscriptions World. Here’s How to Navigate It.;1
Designed to Deceive: Do These People Look Real to You?;11
Amazon and Apple Are Powering a Shift Away From Intel’s Chips;12
With Money, and Waste, China Fights for Chip Independence;12
Elon Musk Delivers a Big Surprise;7
Biden’s Top Diplomat Will Try to Rebuild Bridges;11
TikTok Makes a Deal (Not That One);8
It’s Finally Here. But Is It Enough?;12
What to Expect on Election Day;11
The Big Hack Breaches Treasury’s Top Levels;12
‘Don’t Be Afraid of It’?;10
A Mighty Ant;10
What Did Google Do?;10
Faces of Power: 80% Are White, Even as U.S. Becomes More Diverse;9
Corrections: Sept. 16, 2020;9
