How Amazon, Geico and Walmart Fund Propaganda;1
Private Tutors, Pop-Up Schools or Nothing at All: How Employers Are Helping Parents;9
Joseph Kernan, Vietnam P.O.W. and Indiana Governor, Dies at 74;7
Women, Leadership and the Post-Pandemic World;11
NBC Plans for Tokyo Olympics as Coronavirus Worries Advertisers;3
With a New Leader, Conservatives Look to Unseat Justin Trudeau;8
South Korea Confirms a Jump in Coronavirus Infections;2
‘Get Well or Die’: A State Senator Reveals His Addiction Battle;2
More Than 1,000 Companies Boycotted Facebook. Did It Work?;8
How to Handwash Your Clothes;4
Amazon Angles to Grab Back Customers;5
3 Easy Ways to Save Energy Without Extra Effort;1
This Pilates Business Loves (and Hates) Tech;6
‘Blatant Misogyny’: U.S. Women Protest, and U.S. Soccer President Resigns;3
Why Driving in New York City Now Feels ‘Post-Apocalyptic’;5
Harry Hoffman Dies at 92; Led the Expansion of Waldenbooks;6
WNYC Employees Demanded Diversity. They Got Another White Boss.;7
In Hard Times, a Barrage of Ads Promises Peace of Mind;9
Summer Olympics in Tokyo to Start on July 23, 2021;3
The Coronavirus Is Airborne Indoors. Why Are We Still Scrubbing Surfaces?;11
The Coronavirus Is Airborne Indoors. Why Are We Still Scrubbing Surfaces?;11
Biden’s Choice;8
I Am Hospitalized With the Coronavirus;3
A Rush to Use Black Art Leaves the Artists Feeling Used;7
How to Help Kids Open Up About Anything;10
Rise in Unemployment Claims Signals an Economic Reversal;7
Will ‘Big Data’ Restore Active Managers’ Mojo?;4
TikTok, Huawei and the ‘Splinternet’;8
A Revolt Over Safety and Pay;3
Advertiser Exodus Snowballs as Facebook Struggles to Ease Concerns;6
The New World of Work;7
Tit for Tat for TikTok;9
Priorities for a Post-Pandemic World;12
How to Diversify Your Toy Box;8
Why Montana Is a Test Case for Democrats’ Winning the Senate;7
Billionaire Confessional: David Rubenstein on Wealth and Privilege;3
Running the Numbers on Biden’s Tax Policy;10
All the Companies Quitting Facebook;6
Stocks Surge on Hopes for Economic Rescue Deal;3
They Made How Much?;7
We Have Questions About SoftBank;9
Goldman Makes Its Bankers Pay;10
Stocks Slide as Texas Rolls Back Reopening;6
Stocks Rally After Talk of Reopening Economy;4
Who Will Fill Biden’s Cabinet?;11
Faces of Power: 80% Are White, Even as U.S. Becomes More Diverse;9
Profits and Social Responsibility: Revisiting Milton Friedman;10
